shdistrict,Child.mortality,Nutrition,School.attendance,Years.of.schooling,Electricity,Drinking.water,Sanitation,Housing,Assets,Cooking...fuel,MPI.A,MPI.H,p20,ext,np20,weights,MPI,share.of.pop
huye,0.0259379848907264,0.272898240987779,0.146126491293953,0.324694200771144,0.759428957955989,0.538615458661939,0.375599219482165,0.73498329166799,0.512797358819512,0.992300147061576,0.343772725216067,0.473259958239723,0.82499023863646,0.513202209887955,0.247662363515706,17073.56245,0.162693865579712,0.0315681963892258
gatsibo,0.0399036526670771,0.238763285160564,0.120769382826954,0.494452649859978,0.806779899119237,0.691832050989978,0.503927801743778,0.877430900338204,0.524678095761772,0.998648072987249,0.393609096249108,0.603656031649585,0.949553582579863,0.55204118147726,0.188453839724427,24980.29086,0.237604505062916,0.0461873572101797
ngororero,0.0583419061111731,0.224590923873946,0.144432398556218,0.500267303694876,0.85854775225814,0.80347735519752,0.579206343281368,0.887579917764234,0.639250444743935,0.997429497072978,0.418535006534496,0.611607744069703,0.96556272245068,0.572282287210597,0.179711620422576,17349.46089,0.255979251160761,0.0320783193446961
kirehe,0.0647215805823464,0.194481643545059,0.134300812960482,0.4988869535143,0.832842511896375,0.58633865193852,0.172655191235173,0.881684998286832,0.457200283461566,0.991328766943844,0.365972709270968,0.515909190183054,0.963934491243388,0.554534970141814,0.17797724764202,15704.59116,0.188808684069083,0.0290370342688136
bugesera,0.0669957279775425,0.216014081183143,0.108649438079667,0.395360902514274,0.757349164629705,0.747147285301814,0.507481213980935,0.792358325467489,0.364215822988534,0.991581098816286,0.362382525792132,0.490391174464519,0.939077644430565,0.461928661935927,0.145920077464851,16857.89593,0.177709192428623,0.0311694393589997
kicukiro,0.0237710135274969,0.135597804762154,0.066254140265094,0.145765964746531,0.160936417356342,0.247151139320544,0.451582612780935,0.25546726772335,0.178625873768402,0.97022494011222,0.187675278942534,0.14713009581682,0.197483683521894,0.0673539390891052,0.0174153897154118,15458.49989,0.0276126817732635,0.0285820233380963
gakenke,0.032789291558878,0.170436856246837,0.110767045930801,0.335752225554255,0.844317008910562,0.562808045085451,0.112941738474071,0.889520925562588,0.514085402329819,0.996289429457413,0.326068621609687,0.419522697590169,0.956559428016673,0.484271344843706,0.140329938987215,16314.5315,0.136793187737204,0.030164784642833
rulindo,0.0384950071287157,0.20303266198147,0.108304633475959,0.367156126582552,0.862297494318913,0.580749573745331,0.310727807253334,0.837297712904121,0.486018031989063,0.994032428558145,0.344577879959484,0.459256024921597,0.961924942691148,0.552411399577368,0.172087791306006,14799.7206,0.158249467426104,0.0273639720927995
rwamagana,0.0382131758527034,0.211541942766341,0.102951192475131,0.326087943679969,0.696564439814143,0.62171526765795,0.250933815652872,0.757653784945101,0.418124380540901,0.987759708775378,0.320348733247335,0.391160188279913,0.909988925825538,0.450931593769676,0.137621968832518,17692.19915,0.125307670812259,0.0327120259149252
kayonza,0.0466971584781516,0.249138801301949,0.140512752211334,0.40356126495228,0.862192477215346,0.644294328588104,0.180985452234615,0.878017060710627,0.418747327023125,0.991921461474551,0.360882668782084,0.485490602137638,0.928375769663159,0.488992253963741,0.122768286797128,17220.033,0.175205144168052,0.0318390133965831
ruhango,0.0366638540274054,0.277442452515031,0.0856201879375334,0.398364539004495,0.88050590772958,0.862366684339924,0.680913254702612,0.765462827839316,0.591113111342964,0.997711618071446,0.398462925371899,0.569386176439172,0.959129868715805,0.574797020069937,0.259522897465982,16931.57052,0.226879281530273,0.0313056601349993
karongi,0.0335264817859787,0.209590127699662,0.081945481041634,0.366266693208353,0.849260344671655,0.604851837735911,0.561358922830172,0.850663464651533,0.516978703150827,0.99560565530415,0.360167100542643,0.489290987333647,0.945299745012303,0.533914932119527,0.196730989368734,16801.73612,0.176226516229607,0.0310656025694338
nyabihu,0.0519479905454413,0.196539449382262,0.0775516769071161,0.480554145704447,0.928788063804305,0.629533563209749,0.272205057168741,0.955388914917868,0.756558569761028,0.999188701708598,0.386746814343783,0.557808232963919,0.962373989486624,0.839550250377408,0.448509789416699,13191.62152,0.21573055711353,0.0243906741815149
nyanza,0.0476359329655987,0.231008665701765,0.109624101764301,0.423966595872799,0.928292656814578,0.657971235006522,0.35137896226179,0.875246300497333,0.569409834766591,0.998725685509587,0.379199897830314,0.54251263890096,0.946465019879975,0.665944801632905,0.336787295986984,15758.60602,0.205720737242898,0.029136905148919
rubavu,0.0509606516392422,0.231527645095196,0.161721698671911,0.41329179354902,0.679135928367465,0.454364469364326,0.427265699821532,0.768393209733431,0.550690552535044,0.994132454584689,0.358665581485778,0.466655116425959,0.77223081897573,0.552647504602634,0.239646476272518,21324.23205,0.16737312868623,0.0394274801861179
burera,0.0129137187460681,0.182846607707578,0.0931010259578583,0.42392537290958,0.880360482269167,0.668973930340059,0.426753749317435,0.905242976915459,0.503980866075473,0.999318171342651,0.36301528232635,0.494689109074528,0.973365845802097,0.679375767438419,0.256224710717111,17301.57551,0.17957970659446,0.0319897815785187
nyagatare,0.0442905349228081,0.201928593837138,0.146240491047436,0.402006866558298,0.801433654323915,0.74934308795889,0.235617049653478,0.805796450558065,0.444475347044329,0.994798721343871,0.356135345238854,0.499089377743341,0.915432525187079,0.468211716144734,0.14024626028327,25419.32835,0.177743367847669,0.0469991164283945
nyarugenge,0.0339129416552507,0.206867116612768,0.0855242520246654,0.173208719126429,0.238829711872829,0.351376569751282,0.694200588964772,0.451619318432699,0.244892737449058,0.980326631228247,0.247720945088465,0.210886782347477,0.341453148661199,0.126103457569837,0.0471273231325928,15698.08321,0.0522410730297825,0.0290250013820454
gicumbi,0.0454497270239634,0.173892701434962,0.119278999623738,0.301110705855457,0.864581672587003,0.68886306916657,0.297326918003981,0.879512990113174,0.563493457341316,0.990377524603256,0.344765592289657,0.449185040588984,0.931851705562589,0.552377846173383,0.181469502745805,20156.41215,0.154863546566315,0.0372682373181806
ngoma,0.0405095694467903,0.300529109101289,0.115241989957516,0.411506442391948,0.832512913198681,0.659946922782691,0.560038522438645,0.827792235143216,0.508173740845705,0.997418314754654,0.388006845696454,0.554334678127885,0.932589688500134,0.559051053352207,0.227418624844937,18868.6983,0.215085649920559,0.0348873162989749
nyaruguru,0.0408216360121909,0.318963233100377,0.156097172567969,0.46208449486191,0.954048244095463,0.796947600804305,0.638941201660797,0.929163385397768,0.645506630552096,0.998550321588107,0.439612237029982,0.619420814002392,0.974932174114365,0.704182194120374,0.227374014188277,13919.81824,0.272304969706524,0.0257370749185766
muhanga,0.0235382050633838,0.269214097430559,0.0820572697696849,0.363667341498378,0.862929806015865,0.491729534829275,0.396528978814592,0.744310485664603,0.420271593248366,0.986774265479646,0.339596165436839,0.452502521410112,0.876905914597607,0.361680559709967,0.116362827518224,15908.69223,0.153668121121375,0.0294144073378424
rutsiro,0.044512439182123,0.223711695878328,0.062377267438229,0.521034392845408,0.928707296898047,0.779909252851565,0.351363304015848,0.928978589148121,0.602878261361228,0.999808963179579,0.397030725193703,0.61285756755418,0.972913831614023,0.707837801621071,0.275715125849572,15336.78164,0.243323284486485,0.0283569721438066
gasabo,0.0230614329173191,0.17965931988475,0.0939814413048065,0.201148895190925,0.377064173936971,0.253182231678349,0.495183815251442,0.414852424063386,0.265690734444432,0.969165838999005,0.237020890767608,0.229563453228762,0.386058907658364,0.173860904783702,0.0757612846861843,29069.98118,0.0544113341719693,0.0537489980552557
nyamasheke,0.019168847913807,0.189013150415609,0.0738669722557412,0.40034357449703,0.785882296450687,0.570106506544475,0.284160244110849,0.912089684704173,0.626800929837531,0.996098095848008,0.34500523746946,0.427986272333733,0.980860859078856,0.647002468948023,0.302949148159431,18360.39462,0.147657505520168,0.0339474872244863
nyamagabe,0.0301869443299485,0.213091081653019,0.135593671217536,0.442998312123777,0.923053564138971,0.692011213921206,0.233405411975833,0.904057464949685,0.578261232838368,0.997499122079075,0.377286437278832,0.551365415404223,0.931304312340433,0.601011304001354,0.25272651873595,16892.06804,0.208022693216623,0.0312326219480273
gisagara,0.060969722784304,0.295649025126945,0.230012080573461,0.535134572386275,0.962230967144561,0.660807520507765,0.598437718396342,0.933096253215876,0.686057220449953,0.999358002375615,0.454739674412808,0.70774752244006,0.989600935570689,0.774987463631539,0.486996646628952,16887.08741,0.321840877920865,0.0312234130025337
musanze,0.0278741822994837,0.153658933439553,0.0985162818182345,0.367506098866254,0.724427924633699,0.360677127664457,0.544043031164408,0.82638243052946,0.420974029085141,0.994809130479109,0.322783315207266,0.405275125652888,0.869322637708584,0.521638831195987,0.208426657819173,20004.52132,0.13081604862928,0.0369873984736099
kamonyi,0.0270633534671793,0.257997821101351,0.0897738012390278,0.279696139575734,0.845787390694277,0.604243182488123,0.419615377264008,0.725097985874462,0.457429633175467,0.997589622452179,0.333633474413286,0.414596672487468,0.88570172345518,0.420587861535195,0.126900415228354,17953.29949,0.138323328322181,0.0331947878947142
rusizi,0.0446113257197269,0.253091822455286,0.101252577565506,0.303818472165402,0.651808113297646,0.501226781290782,0.525697283994542,0.914364508899441,0.508990448490863,0.994807931731202,0.345186188336301,0.445912982979646,0.913566696521633,0.557313515612494,0.209572645887552,21611.64765,0.153923002924414,0.0399588978168964
